Identifier,Name,PastWinner,PredictedWinner,Labour,Conservative,Liberal_Democrat,Scottish_National_Party,Green,Reform_UK,Plaid_Cymru,Other,Speaker
W07000081,Aberafan Maesteg,Labour,Labour,54.5,6.1,4.1,0,2.3,21.6,9.8,1.6,0
S14000060,Aberdeen North,Scottish_National_Party,Scottish_National_Party,29.1,12.9,6.3,40.1,3.3,8.3,0,0,0
S14000061,Aberdeen South,Scottish_National_Party,Labour,30,20,8.7,29.5,3.1,8.7,0,0,0
S14000062,Aberdeenshire North and Moray East,Conservative,Conservative,26.7,32.4,3.6,25.7,2.7,8.9,0,0,0
S14000063,Airdrie and Shotts,Scottish_National_Party,Labour,51.9,5.1,2.9,29,3.7,7.4,0,0,0
E14001063,Aldershot,Conservative,Labour,31.6,26.5,20,0,10.4,11.4,0,0,0
E14001064,Aldridge-Brownhills,Conservative,Conservative,30.9,36.4,5.9,0,6.9,19.1,0,0.7,0
S14000064,Alloa and Grangemouth,Scottish_National_Party,Scottish_National_Party,31.4,13.1,4.3,39.9,3.5,7,0,0.8,0
E14001065,Altrincham and Sale West,Conservative,Labour,40.1,23.9,11.1,0,4.6,19,0,1.2,0
W07000082,Alyn and Deeside,Labour,Labour,45.1,16.9,6.4,0,1.1,25.8,4.7,0,0
E14001066,Amber Valley,Conservative,Labour,35.9,32.1,6.7,0,7.9,17.5,0,0,0
S14000065,Angus and Perthshire Glens,Scottish_National_Party,Scottish_National_Party,24.9,25.3,4,34.6,2.5,8.7,0,0,0
S14000066,Arbroath and Broughty Ferry,Scottish_National_Party,Scottish_National_Party,28.6,17.7,6.5,37.2,2.2,7.2,0,0.6,0
S14000067,"Argyll, Bute and South Lochaber",Scottish_National_Party,Labour,29.2,19.8,11.5,28.1,2.7,8.8,0,0,0
E14001067,Arundel and South Downs,Conservative,Conservative,25.8,29.1,21.1,0,11.1,11.8,0,1,0
E14001068,Ashfield,Conservative,Labour,33.1,12.8,2.4,0,5.3,19.6,0,26.9,0
E14001069,Ashford,Conservative,Labour,33.6,28,13.2,0,11.7,11.7,0,1.8,0
E14001070,Ashton-under-Lyne,Labour,Labour,50.7,13.5,4.5,0,5.1,26.3,0,0,0
E14001071,Aylesbury,Conservative,Labour,32.1,22.8,24.2,0,9.5,11.5,0,0,0
S14000107,"Ayr, Carrick and Cumnock",Scottish_National_Party,Labour,36,22.6,3.8,26.1,2.7,8.9,0,0,0
E14001072,Banbury,Conservative,Labour,34,22.8,22.7,0,9.5,11,0,0,0
W07000083,Bangor Aberconwy,Conservative,Labour,40.7,15.3,4.9,0,1.1,20.4,17.6,0,0
E14001073,Barking,Labour,Labour,64.3,11.5,4,0,4.7,15.5,0,0,0
E14001074,Barnsley North,Labour,Reform_UK,41.6,2.4,3.8,0,3.9,46.3,0,2,0
E14001075,Barnsley South,Labour,Reform_UK,44.7,2.3,3.7,0,3.5,45.1,0,0.7,0
E14001076,Barrow and Furness,Conservative,Labour,41.6,28.8,4.7,0,3.3,21.7,0,0,0
E14001077,Basildon and Billericay,Conservative,Conservative,32,32.7,11.2,0,10.5,12.5,0,1.1,0
E14001078,Basingstoke,Conservative,Labour,38,23,15.6,0,10.7,11.3,0,1.5,0
E14001079,Bassetlaw,Conservative,Labour,36.4,25,7.1,0,4.5,27,0,0,0
E14001080,Bath,Liberal_Democrat,Liberal_Democrat,19.4,9.2,54.8,0,5.9,10,0,0.6,0
S14000068,Bathgate and Linlithgow,Scottish_National_Party,Labour,37.7,11.7,6.7,28.9,4.5,9.3,0,1.3,0
E14001081,Battersea,Labour,Labour,50.1,16.5,15.6,0,6.3,11.6,0,0,0
E14001082,Beaconsfield,Conservative,Other,19.7,25,2.1,0,10.7,11.6,0,30.9,0
E14001083,Beckenham and Penge,Labour,Labour,45.3,16,16.6,0,8.5,13.6,0,0,0
E14001084,Bedford,Labour,Labour,53.8,11.6,12.7,0,8.8,13.1,0,0,0
E14001085,Bermondsey and Old Southwark,Labour,Labour,52.7,1.1,31.5,0,3.2,11.5,0,0,0
S14000108,"Berwickshire, Roxburgh and Selkirk",Conservative,Conservative,26,33.8,6.5,22.7,2.6,8.4,0,0,0
E14001086,Bethnal Green and Stepney,Labour,Labour,75.4,0.6,9.6,0,6.1,7.5,0,0.9,0
E14001087,Beverley and Holderness,Conservative,Conservative,27.9,38.6,9.4,0,4.1,17.4,0,2.6,0
E14001088,Bexhill and Battle,Conservative,Labour,31.1,29.9,15.8,0,11.3,11.9,0,0,0
E14001089,Bexleyheath and Crayford,Conservative,Conservative,32.5,45.4,6.5,0,5.2,9.4,0,1.1,0
E14001090,Bicester and Woodstock,Conservative,Liberal_Democrat,26.3,24.2,28.9,0,9.1,11.6,0,0,0
E14001091,Birkenhead,Labour,Labour,62.1,0.2,4.1,0,4.1,15.4,0,14.1,0
E14001092,Birmingham Edgbaston,Labour,Labour,58.9,11.2,7.5,0,6.3,16.1,0,0,0
E14001093,Birmingham Erdington,Labour,Labour,57.2,13.2,3.7,0,6.1,19.7,0,0,0
E14001094,Birmingham Hall Green and Moseley,Labour,Labour,70.3,0,7.4,0,4,10.4,0,8,0
E14001095,Birmingham Hodge Hill and Solihull North,Labour,Labour,65.5,8.1,4.7,0,6.6,14.5,0,0.6,0
E14001096,Birmingham Ladywood,Labour,Labour,85.5,0,2.9,0,3.4,7.8,0,0.3,0
E14001097,Birmingham Northfield,Conservative,Labour,51.3,15.1,5,0,6.9,21.1,0,0.6,0
E14001098,Birmingham Perry Barr,Labour,Labour,72.7,3.4,6.8,0,4.5,12.3,0,0.3,0
E14001099,Birmingham Selly Oak,Labour,Labour,61.4,9.6,6.4,0,7.1,15.5,0,0,0
E14001100,Birmingham Yardley,Labour,Labour,63.5,6.9,9.2,0,4.2,16.1,0,0,0
E14001101,Bishop Auckland,Conservative,Labour,40.1,28.9,3.8,0,2.3,24.2,0,0.7,0
E14001102,Blackburn,Labour,Labour,68.2,6.7,2.6,0,2.8,19,0,0.7,0
E14001103,Blackley and Middleton South,Labour,Labour,61.5,10.1,3.2,0,3.3,21.9,0,0,0
E14001104,Blackpool North and Fleetwood,Conservative,Labour,39,32.2,4.2,0,3.6,20.1,0,0.9,0
E14001105,Blackpool South,Conservative,Labour,43.7,23.4,3.8,0,3.7,24.6,0,0.9,0
W07000084,Blaenau Gwent and Rhymney,Labour,Labour,52,3.2,4.1,0,1.7,31,7.2,0.9,0
E14001106,Blaydon and Consett,Labour,Labour,47.2,11.8,4.7,0,4.7,27.7,0,3.9,0
E14001107,Blyth and Ashington,Labour,Labour,50.7,11.9,6.6,0,4.4,25.9,0,0.4,0
E14001108,Bognor Regis and Littlehampton,Conservative,Conservative,29.1,30.1,16,0,10.5,12,0,2.3,0
E14001109,Bolsover,Conservative,Labour,44.6,18.3,4.2,0,6,24.8,0,2.2,0
E14001110,Bolton North East,Conservative,Labour,46.1,18,4.6,0,3.5,27.7,0,0,0
E14001111,Bolton South and Walkden,Labour,Labour,59.2,12.4,4,0,3.8,20.6,0,0,0
E14001112,Bolton West,Conservative,Labour,38.5,33.2,5.8,0,3.5,19.1,0,0,0
E14001113,Bootle,Labour,Labour,80.7,0,3.8,0,3,12.5,0,0,0
E14001114,Boston and Skegness,Conservative,Conservative,25.8,40.7,5.4,0,5.4,19.6,0,3.2,0
E14001115,Bournemouth East,Conservative,Labour,42.1,20.8,13.4,0,10.9,11.3,0,1.5,0
E14001116,Bournemouth West,Conservative,Labour,41.2,23.2,12.4,0,11.7,11.6,0,0,0
E14001117,Bracknell,Conservative,Labour,34.8,25.4,16.3,0,10.8,11.4,0,1.2,0
E14001118,Bradford East,Labour,Labour,65.1,5.3,7.8,0,2.7,19.1,0,0,0
E14001119,Bradford South,Labour,Labour,50.1,15.3,3.9,0,4.2,26.4,0,0,0
E14001120,Bradford West,Labour,Labour,78.2,0.1,3.2,0,2.9,15.4,0,0.2,0
E14001121,Braintree,Conservative,Conservative,28.9,33.7,12.4,0,8.1,12.7,0,4.2,0
W07000085,"Brecon, Radnor and Cwm Tawe",Conservative,Liberal_Democrat,19.4,27.3,29.6,0,1.3,17,4.3,1.1,0
E14001122,Brent East,Labour,Labour,67.1,8.6,9.6,0,6.1,8.5,0,0,0
E14001123,Brent West,Labour,Labour,57.1,16.5,9.8,0,5,11.1,0,0.6,0
E14001124,Brentford and Isleworth,Labour,Labour,54,11.6,16.9,0,6.2,11.3,0,0,0
E14001125,Brentwood and Ongar,Conservative,Conservative,24.4,34.8,16,0,10.9,12.9,0,1,0
W07000086,Bridgend,Conservative,Labour,40.6,21.1,5.7,0,2.9,23.3,6.5,0,0
E14001126,Bridgwater,Conservative,Labour,30.5,27.1,20.3,0,9,11.5,0,1.7,0
E14001127,Bridlington and the Wolds,Conservative,Conservative,23.2,43.6,7.7,0,4.5,17.8,0,3.2,0
E14001128,Brigg and Immingham,Conservative,Conservative,23.6,48.4,4.5,0,4.5,19,0,0,0
E14001129,Brighton Kemptown and Peacehaven,Labour,Labour,58.8,10.1,7.9,0,11.3,11.9,0,0,0
E14001130,Brighton Pavilion,Green,Green,27.7,1.2,1.1,0,61.1,7.8,0,1.2,0
E14001131,Bristol Central,Labour,Labour,62.6,0,0.8,0,29.7,6.9,0,0,0
E14001132,Bristol East,Labour,Labour,64.1,4.8,8.5,0,12.6,9.9,0,0,0
E14001133,Bristol North East,Labour,Labour,58.6,12.1,7.4,0,10.2,11.7,0,0,0
E14001134,Bristol North West,Labour,Labour,56.8,10.7,10,0,12.4,10,0,0,0
E14001135,Bristol South,Labour,Labour,58.8,9.5,8.2,0,10.4,13.1,0,0,0
E14001136,Broadland and Fakenham,Conservative,Labour,31.6,28,18.5,0,9.6,11.7,0,0.7,0
E14001137,Bromley and Biggin Hill,Conservative,Conservative,28.7,38.9,16.3,0,6.7,8.7,0,0.8,0
E14001138,Bromsgrove,Conservative,Conservative,29.6,32.3,12.7,0,8,17.3,0,0,0
E14001139,Broxbourne,Conservative,Labour,34.3,31.5,11.7,0,10.2,12.4,0,0,0
E14001140,Broxtowe,Conservative,Labour,46.2,15.7,0.8,0,7.5,17.2,0,12.6,0
E14001141,Buckingham and Bletchley,Conservative,Labour,37.1,23.3,17.7,0,8,12.2,0,1.7,0
E14001142,Burnley,Conservative,Labour,43.9,13.2,7.9,0,3.8,28.5,0,2.8,0
E14001143,Burton and Uttoxeter,Conservative,Labour,39.6,29.5,5.9,0,7.7,17.3,0,0,0
E14001144,Bury North,Conservative,Labour,48.7,20,3.2,0,3.7,24.1,0,0.3,0
E14001145,Bury South,Conservative,Labour,45.2,16.6,6.3,0,3.7,24.9,0,3.3,0
E14001146,Bury St Edmunds and Stowmarket,Conservative,Labour,31,30.8,3.6,0,19.8,12.1,0,2.7,0
W07000087,Caerfyrddin,Conservative,Plaid_Cymru,27.2,17.4,1.7,0,1,20.9,31.8,0,0
W07000088,Caerphilly,Labour,Labour,45.7,9.2,1.1,0,1.2,27.1,15.7,0,0
S14000069,"Caithness, Sutherland and Easter Ross",Scottish_National_Party,Liberal_Democrat,27.6,5.1,29.3,21.5,3.3,11.6,0,1.4,0
E14001147,Calder Valley,Conservative,Labour,45.9,25.9,5.2,0,1.8,19.9,0,1.3,0
E14001148,Camborne and Redruth,Conservative,Labour,43.9,22.5,11.1,0,9.7,11.4,0,1.3,0
E14001149,Cambridge,Labour,Labour,52,0,32.2,0,7.6,7.7,0,0.5,0
E14001150,Cannock Chase,Conservative,Conservative,34.7,35.3,0.4,0,11.3,18.2,0,0,0
E14001151,Canterbury,Labour,Labour,58,13.9,7.8,0,7.5,11.9,0,0.9,0
W07000089,Cardiff East,Labour,Labour,60.5,6.8,12.6,0,1.3,16.1,1.6,1,0
W07000090,Cardiff North,Labour,Labour,51.3,16,6.9,0,2.4,18.2,4.7,0.5,0
W07000091,Cardiff South and Penarth,Labour,Labour,55,12.5,7.3,0,3,16.8,5.3,0,0
W07000092,Cardiff West,Labour,Labour,51.8,11.7,5.6,0,3,18.1,9.6,0.3,0
E14001152,Carlisle,Conservative,Labour,37.8,33.1,5.2,0,3.3,18.3,0,2.4,0
E14001153,Carshalton and Wallington,Conservative,Liberal_Democrat,17.7,19.2,41.8,0,6,14.9,0,0.4,0
E14001154,Castle Point,Conservative,Conservative,28.5,39.7,9.6,0,8.4,13.9,0,0,0
S14000109,Central Ayrshire,Scottish_National_Party,Labour,34.5,20.5,4,30.6,2.5,8,0,0,0
E14001155,Central Devon,Conservative,Labour,34.5,25.1,17.3,0,11.7,11.3,0,0,0
E14001156,Central Suffolk and North Ipswich,Conservative,Labour,32,30,13.1,0,12.9,12,0,0,0
W07000093,Ceredigion Preseli,Plaid_Cymru,Plaid_Cymru,23,4.5,15.1,0,2.3,22.7,32.4,0,0
E14001157,Chatham and Aylesford,Conservative,Labour,34.9,32.5,9.6,0,10,12.5,0,0.5,0
E14001158,Cheadle,Conservative,Liberal_Democrat,15.9,19.8,41.9,0,1.9,20.6,0,0,0
E14001159,Chelmsford,Conservative,Liberal_Democrat,27.5,24.8,28.3,0,6.8,11.4,0,1.1,0
E14001160,Chelsea and Fulham,Conservative,Labour,32.6,27.8,24.2,0,3.9,10.5,0,0.9,0
E14001161,Cheltenham,Conservative,Liberal_Democrat,14.9,16,48.3,0,7.5,12.4,0,0.8,0
E14001162,Chesham and Amersham,Conservative,Conservative,23.6,26.2,24.4,0,11.8,11.5,0,2.5,0
E14001163,Chester North and Neston,Labour,Labour,53.4,15.7,6.3,0,3.9,20.8,0,0,0
E14001164,Chester South and Eddisbury,Conservative,Conservative,24.6,37.4,15.4,0,3.7,18.1,0,0.8,0
E14001165,Chesterfield,Labour,Labour,48.2,9,9.1,0,6.8,26,0,0.9,0
E14001166,Chichester,Conservative,Conservative,25.2,27.9,22.7,0,12,11.6,0,0.7,0
E14001167,Chingford and Woodford Green,Conservative,Labour,50.3,25.8,6.5,0,4.7,12.7,0,0,0
E14001168,Chippenham,Conservative,Liberal_Democrat,21.5,25.6,32.6,0,8.7,11.7,0,0,0
E14001169,Chipping Barnet,Conservative,Labour,45,26.9,10.4,0,6.1,11.5,0,0.1,0
E14001170,Chorley,Speaker,Speaker,0,0,0,0,9,0,0,23.7,67.3
E14001171,Christchurch,Conservative,Conservative,23.5,32.6,19.8,0,11.7,12.4,0,0,0
E14001172,Cities of London and Westminster,Conservative,Labour,32.8,21.3,28.6,0,5.7,11.1,0,0.4,0
E14001173,City of Durham,Labour,Labour,43.9,9.1,17,0,4.9,24.7,0,0.4,0
E14001174,Clacton,Conservative,Conservative,26.9,36.4,9.3,0,10.9,13.1,0,3.4,0
E14001175,Clapham and Brixton Hill,Labour,Labour,58.3,4.7,20.2,0,7.2,9.6,0,0,0
W07000094,Clwyd East,Conservative,Labour,40,26.5,5.8,0,0.9,20.9,5.9,0,0
W07000095,Clwyd North,Conservative,Labour,42.4,22.7,5.3,0,1,20,8.5,0,0
S14000070,Coatbridge and Bellshill,Scottish_National_Party,Labour,52.5,3.5,2.4,31.7,3.5,6.4,0,0,0
E14001176,Colchester,Conservative,Labour,39.2,22.5,17.1,0,9.8,11.4,0,0,0
E14001177,Colne Valley,Conservative,Labour,39.5,27.4,7.1,0,3.4,20.7,0,1.7,0
E14001178,Congleton,Conservative,Conservative,27.2,38.6,11.2,0,4.4,17.2,0,1.3,0
E14001179,Corby and East Northamptonshire,Conservative,Labour,47.3,23.9,7.2,0,4.7,17,0,0,0
E14001180,Coventry East,Labour,Labour,58.8,10.8,5.8,0,6,18.6,0,0,0
E14001181,Coventry North West,Labour,Labour,52.3,12.4,6,0,7.8,21.5,0,0,0
E14001182,Coventry South,Labour,Labour,52.2,12.2,7,0,7.4,20.3,0,0.9,0
S14000071,Cowdenbeath and Kirkcaldy,Scottish_National_Party,Labour,51.6,6.8,5.2,19.5,6.2,10.7,0,0,0
E14001183,Cramlington and Killingworth,Labour,Labour,47.9,14.6,5.4,0,4.3,27.9,0,0,0
E14001184,Crawley,Conservative,Labour,47.2,22.9,8.2,0,10,11.8,0,0,0
E14001185,Crewe and Nantwich,Conservative,Labour,42.7,26.1,5.3,0,3.7,21.9,0,0.3,0
E14001186,Croydon East,Labour,Labour,52.8,20.4,7.3,0,6.3,13.2,0,0,0
E14001187,Croydon South,Conservative,Conservative,31.7,38.6,13.9,0,5.9,9,0,0.9,0
E14001188,Croydon West,Labour,Labour,69.9,7,7.5,0,5.5,9.4,0,0.8,0
S14000072,Cumbernauld and Kirkintilloch,Scottish_National_Party,Labour,43.5,4.5,4.5,38.9,2.2,6.4,0,0,0
E14001189,Dagenham and Rainham,Labour,Labour,49.9,19.9,4,0,5.9,19.4,0,1,0
E14001190,Darlington,Conservative,Labour,42.4,24.8,4.8,0,4.3,23.1,0,0.6,0
E14001191,Dartford,Conservative,Labour,39.5,29.2,9.6,0,9.6,12.1,0,0,0
E14001192,Daventry,Conservative,Conservative,26.7,33.1,13.4,0,9.4,17.4,0,0,0
E14001193,Derby North,Conservative,Labour,48,15.2,7.6,0,6.8,21,0,1.4,0
E14001194,Derby South,Labour,Labour,58.1,11.6,6.6,0,3.9,19.9,0,0,0
E14001195,Derbyshire Dales,Conservative,Labour,32.8,28.9,13,0,8.7,16.6,0,0,0
E14001196,Dewsbury and Batley,Labour,Labour,61.5,10.4,2.7,0,2.4,17.7,0,5.2,0
E14001197,Didcot and Wantage,Conservative,Liberal_Democrat,25.3,20.5,33.5,0,7.3,11.2,0,2.2,0
E14001198,Doncaster Central,Labour,Labour,42.9,11,4.3,0,4.1,35.6,0,2.1,0
E14001199,Doncaster East and the Isle of Axholme,Conservative,Labour,31.9,29.6,4.6,0,4,27.9,0,2,0
E14001200,Doncaster North,Labour,Labour,41.7,8.9,3.8,0,1.8,39.2,0,4.5,0
E14001201,Dorking and Horley,Conservative,Liberal_Democrat,19.5,21.4,34.2,0,11,11.3,0,2.6,0
E14001202,Dover and Deal,Conservative,Labour,42.5,25.5,8.4,0,9.8,11.7,0,2.1,0
E14001203,Droitwich and Evesham,Conservative,Conservative,26.1,33.9,12.3,0,8.8,17.6,0,1.2,0
E14001204,Dudley,Conservative,Labour,39.9,31.2,4.2,0,7,17.7,0,0,0
E14001205,Dulwich and West Norwood,Labour,Labour,67.5,2.3,1.4,0,19,9.1,0,0.6,0
S14000073,Dumfries and Galloway,Conservative,Labour,33.1,27.2,4.8,22.7,2.9,9.3,0,0,0
S14000074,"Dumfriesshire, Clydesdale and Tweeddale",Conservative,Conservative,29.9,31.5,5.9,21.6,2.6,8.5,0,0,0
S14000075,Dundee Central,Scottish_National_Party,Scottish_National_Party,37.9,3.3,4.5,44.1,1.7,8.1,0,0.5,0
S14000076,Dunfermline and Dollar,Scottish_National_Party,Labour,42,8.9,6.8,30.6,4.4,7.2,0,0,0
E14001206,Dunstable and Leighton Buzzard,Conservative,Labour,36.6,27.6,13.3,0,10.7,11.8,0,0,0
W07000096,Dwyfor Meirionnydd,Plaid_Cymru,Plaid_Cymru,24.6,7.8,0.5,0,0.8,19.5,46.7,0,0
E14001207,Ealing Central and Acton,Labour,Labour,55.7,9.8,17.8,0,6.5,10.3,0,0,0
E14001208,Ealing North,Labour,Labour,60,15.5,9.5,0,6.1,9,0,0,0
E14001209,Ealing Southall,Labour,Labour,63.2,8.8,10.4,0,6.6,10.1,0,0.9,0
E14001210,Earley and Woodley,Conservative,Labour,35.6,20.2,23.9,0,8.7,11.4,0,0,0
E14001211,Easington,Labour,Labour,49.5,7.6,4.3,0,1.7,33.3,0,3.6,0
E14001212,East Grinstead and Uckfield,Conservative,Conservative,23.5,27.6,25.2,0,12,11.7,0,0,0
E14001213,East Ham,Labour,Labour,80.8,0.5,4.2,0,4.3,9.6,0,0.5,0
E14001214,East Hampshire,Conservative,Conservative,22.2,28.1,23.9,0,12.6,11.7,0,1.5,0
S14000077,East Kilbride and Strathaven,Scottish_National_Party,Labour,39,9.4,5.6,34,4.2,6.8,0,1.1,0
S14000021,East Renfrewshire,Scottish_National_Party,Labour,33.6,20.5,6.1,28.9,2.6,8.3,0,0,0
E14001215,East Surrey,Conservative,Conservative,23.2,29.1,22.6,0,10.1,11.9,0,3.1,0
E14001216,East Thanet,Conservative,Labour,47.5,22.1,7.9,0,10.8,11.7,0,0,0
E14001217,East Wiltshire,Conservative,Conservative,26.3,32.9,17.1,0,11.2,12.5,0,0,0
E14001218,East Worthing and Shoreham,Conservative,Labour,46.7,20.3,10.2,0,10.7,11.5,0,0.5,0
E14001219,Eastbourne,Conservative,Liberal_Democrat,16.9,15.5,45.5,0,7.2,14.6,0,0.4,0
E14001220,Eastleigh,Conservative,Liberal_Democrat,21.2,21.6,36.7,0,8.9,11.5,0,0,0
S14000078,Edinburgh East and Musselburgh,Scottish_National_Party,Labour,42.7,4.2,5.7,35.5,5.6,6.4,0,0,0
S14000079,Edinburgh North and Leith,Scottish_National_Party,Labour,40.4,5.2,10.1,30.2,5.5,8.2,0,0.2,0
S14000080,Edinburgh South,Labour,Labour,64.2,5,6.6,12.1,5.1,7.1,0,0,0
S14000081,Edinburgh South West,Scottish_National_Party,Scottish_National_Party,32.5,12.4,7.7,34.2,4.6,8.3,0,0.2,0
S14000082,Edinburgh West,Liberal_Democrat,Liberal_Democrat,31.4,5.4,34,15.6,4.7,9,0,0,0
E14001221,Edmonton and Winchmore Hill,Labour,Labour,61.8,15,7.4,0,5.1,10.6,0,0.2,0
E14001222,Ellesmere Port and Bromborough,Labour,Labour,61.7,9.3,7.5,0,3.2,18.2,0,0,0
E14001223,Eltham and Chislehurst,Conservative,Labour,44.8,26,8.1,0,7,14.1,0,0,0
E14001224,Ely and East Cambridgeshire,Conservative,Liberal_Democrat,24,23.9,31.5,0,7.4,11.4,0,1.9,0
E14001225,Enfield North,Labour,Labour,57.3,18,7.2,0,5.8,11.6,0,0,0
E14001226,Epping Forest,Conservative,Conservative,30.6,31.8,13.2,0,11.4,12.4,0,0.7,0
E14001227,Epsom and Ewell,Conservative,Liberal_Democrat,26.2,24.1,26.2,0,10.1,11.3,0,2.1,0
E14001228,Erewash,Conservative,Labour,43.4,25.9,5.4,0,6.9,16.9,0,1.4,0
E14001229,Erith and Thamesmead,Labour,Labour,61.9,12.5,5.6,0,5.8,13.6,0,0.6,0
E14001230,Esher and Walton,Conservative,Liberal_Democrat,15.1,17.6,46.3,0,7.5,12.2,0,1.3,0
E14001231,Exeter,Labour,Labour,61.6,9.4,1.6,0,14.9,11.4,0,1.2,0
E14001232,Exmouth and Exeter East,Conservative,Other,20,19.9,5.4,0,8.5,11.6,0,34.6,0
S14000083,Falkirk,Scottish_National_Party,Scottish_National_Party,29.4,14,5.5,38.7,5.2,7.2,0,0,0
E14001233,Fareham and Waterlooville,Conservative,Conservative,25.8,29.7,21.3,0,11.3,11.9,0,0,0
E14001234,Farnham and Bordon,Conservative,Liberal_Democrat,17,27.6,35,0,8.3,12.1,0,0,0
E14001235,Faversham and Mid Kent,Conservative,Conservative,30,30.5,15,0,11.4,12.1,0,1,0
E14001236,Feltham and Heston,Labour,Labour,55.8,17.6,7.4,0,5.8,13.4,0,0,0
E14001237,Filton and Bradley Stoke,Conservative,Labour,45.2,20.7,12.2,0,9.8,11.6,0,0.5,0
E14001238,Finchley and Golders Green,Conservative,Liberal_Democrat,28.5,24.8,32.4,0,3.7,10.6,0,0,0
E14001239,Folkestone and Hythe,Conservative,Labour,36.5,25.7,12.5,0,11.8,11.4,0,2,0
E14001240,Forest of Dean,Conservative,Labour,38.9,27.9,2.6,0,16.2,11.8,0,2.5,0
E14001241,Frome and East Somerset,Conservative,Labour,30.2,20.8,25.7,0,12.5,10.7,0,0,0
E14001242,Fylde,Conservative,Conservative,28.3,39.9,7.4,0,5.1,17.4,0,1.8,0
E14001243,Gainsborough,Conservative,Conservative,30.4,34.1,10.7,0,4.9,17.8,0,2.2,0
E14001244,Gateshead Central and Whickham,Labour,Labour,50,11.6,12.4,0,5.3,20.7,0,0,0
E14001245,Gedling,Conservative,Labour,51.5,16.3,4.8,0,6.9,20.5,0,0,0
E14001246,Gillingham and Rainham,Conservative,Labour,38.5,29.2,8.1,0,9.6,12.1,0,2.6,0
S14000084,Glasgow East,Scottish_National_Party,Labour,49.4,3.7,3.3,34,3.3,6.3,0,0,0
S14000085,Glasgow North,Scottish_National_Party,Labour,48.9,2.6,4.2,32.4,5.5,6.4,0,0,0
S14000086,Glasgow North East,Scottish_National_Party,Labour,53.8,3.3,2.8,31.8,2.1,6.3,0,0,0
S14000087,Glasgow South,Scottish_National_Party,Labour,45.4,3.8,4.9,34.2,4.5,7.2,0,0,0
S14000088,Glasgow South West,Scottish_National_Party,Labour,50.3,3.7,3.6,31.5,2.8,8.1,0,0,0
S14000089,Glasgow West,Scottish_National_Party,Labour,45.2,4.6,6.1,34.8,2.4,6.9,0,0,0
E14001247,Glastonbury and Somerton,Conservative,Liberal_Democrat,19.6,26.2,33.4,0,9.1,11.7,0,0,0
S14000090,Glenrothes and Mid Fife,Scottish_National_Party,Labour,44,4.6,3.6,35.9,2.3,9.6,0,0,0
E14001248,Gloucester,Conservative,Labour,44.9,23.5,10.3,0,9.6,11.7,0,0,0
E14001249,Godalming and Ash,Conservative,Liberal_Democrat,18.7,22.9,36.2,0,8.6,11.6,0,1.9,0
E14001250,Goole and Pocklington,Conservative,Conservative,23.6,42.6,7.9,0,5.5,17.6,0,2.8,0
S14000091,Gordon and Buchan,Conservative,Conservative,26.3,30.5,9.2,22.3,2.7,9,0,0,0
E14001251,Gorton and Denton,Labour,Labour,69.4,3.1,6,0,3.6,17.2,0,0.7,0
E14001252,Gosport,Conservative,Conservative,29.1,33.1,14,0,11.3,12.5,0,0,0
W07000097,Gower,Labour,Labour,47.8,17.2,6.3,0,1,21.3,6.4,0,0
E14001253,Grantham and Bourne,Conservative,Conservative,29.1,33.8,9.4,0,9.2,17.7,0,0.9,0
E14001254,Gravesham,Conservative,Labour,39.6,29.7,8.2,0,10.3,12.2,0,0,0
E14001255,Great Grimsby and Cleethorpes,Conservative,Labour,35.5,32.3,5.2,0,3.6,23.1,0,0.4,0
E14001256,Great Yarmouth,Conservative,Labour,35.7,32.2,6.9,0,10,12.4,0,2.8,0
E14001257,Greenwich and Woolwich,Labour,Labour,58.1,7.6,15.1,0,7.6,10.9,0,0.8,0
E14001258,Guildford,Conservative,Liberal_Democrat,17.8,14.8,41.1,0,7.6,11.7,0,7,0
E14001259,Hackney North and Stoke Newington,Labour,Labour,72.3,0.8,8.1,0,10.4,7.9,0,0.4,0
E14001260,Hackney South and Shoreditch,Labour,Labour,75.4,0.7,8.5,0,8.4,6.9,0,0.2,0
E14001261,Halesowen,Conservative,Labour,41.3,29.1,3.9,0,7.2,17.3,0,1.2,0
E14001262,Halifax,Labour,Labour,49.2,15.8,5,0,3.8,26.2,0,0,0
E14001263,Hamble Valley,Conservative,Conservative,23.7,30.5,23.3,0,10.4,12.1,0,0,0
S14000092,Hamilton and Clyde Valley,Scottish_National_Party,Labour,45.9,12.2,3.1,28.9,2.4,7.4,0,0,0
E14001264,Hammersmith and Chiswick,Labour,Labour,54.3,13.6,14.3,0,6.4,11.4,0,0,0
E14001265,Hampstead and Highgate,Labour,Labour,51.1,6.9,24.7,0,6.8,10.5,0,0,0
E14001266,"Harborough, Oadby and Wigston",Conservative,Labour,32.9,25.6,17.2,0,7.5,16.1,0,0.7,0
E14001267,Harlow,Conservative,Labour,39.7,31.4,8.7,0,7.7,12.5,0,0,0
E14001268,Harpenden and Berkhamsted,Conservative,Liberal_Democrat,20,23.1,27.1,0,8.3,11.2,0,10.2,0
E14001269,Harrogate and Knaresborough,Conservative,Liberal_Democrat,12.9,28.4,36.3,0,1.8,18.5,0,2.2,0
E14001270,Harrow East,Conservative,Labour,41.4,36.8,8.1,0,3.6,10,0,0,0
E14001271,Harrow West,Labour,Labour,56.9,17.3,8.9,0,5.4,11.5,0,0,0
E14001272,Hartlepool,Labour,Reform_UK,40.8,6.5,4.3,0,1.6,43.3,0,3.4,0
E14001273,Harwich and North Essex,Conservative,Labour,35.9,27.4,13.2,0,10.7,11.7,0,1.3,0
E14001274,Hastings and Rye,Conservative,Labour,52.4,17.4,10.1,0,7.2,11.8,0,1.1,0
E14001275,Havant,Conservative,Conservative,28.4,32.3,15.2,0,11,12.4,0,0.8,0
E14001276,Hayes and Harlington,Labour,Labour,59.6,17.7,5.1,0,4.9,12.3,0,0.4,0
E14001277,Hazel Grove,Conservative,Liberal_Democrat,19.7,20.8,37.4,0,2.1,20,0,0,0
E14001278,Hemel Hempstead,Conservative,Labour,37.6,24.7,13.8,0,9.7,11.4,0,2.6,0
E14001279,Hendon,Conservative,Labour,45.3,28.5,9.3,0,5.6,11.4,0,0,0
E14001280,Henley and Thame,Conservative,Liberal_Democrat,18.8,24,34.5,0,11.2,11.6,0,0,0
E14001281,Hereford and South Herefordshire,Conservative,Conservative,28.7,30.9,13.7,0,9.8,17,0,0,0
E14001282,Herne Bay and Sandwich,Conservative,Labour,34.9,31.5,10,0,11.3,12.3,0,0,0
E14001283,Hertford and Stortford,Conservative,Labour,33.2,25.7,16.4,0,11.5,11.4,0,1.8,0
E14001284,Hertsmere,Conservative,Conservative,31.5,32.1,13.3,0,10.6,12.5,0,0,0
E14001285,Hexham,Conservative,Labour,35,31.5,9.5,0,5.3,18.7,0,0,0
E14001286,Heywood and Middleton North,Labour,Labour,46.7,14.7,4.4,0,4.7,29.4,0,0,0
E14001287,High Peak,Conservative,Labour,53.8,14.3,5.4,0,6.9,19.6,0,0,0
E14001288,Hinckley and Bosworth,Conservative,Conservative,23.2,33.2,18.5,0,7.7,17.4,0,0,0
E14001289,Hitchin,Conservative,Labour,35.1,19,25.7,0,7.9,10.7,0,1.6,0
E14001290,Holborn and St Pancras,Labour,Labour,69.1,0.9,12.7,0,6.9,10.1,0,0.4,0
E14001291,Honiton and Sidmouth,Conservative,Conservative,24.3,29.1,12,0,9.1,11.7,0,13.8,0
E14001292,Hornchurch and Upminster,Conservative,Conservative,26.2,50.8,7.6,0,6.4,8.1,0,1,0
E14001293,Hornsey and Friern Barnet,Labour,Labour,59.7,0.7,25.9,0,5.9,7.1,0,0.6,0
E14001294,Horsham,Conservative,Liberal_Democrat,25.2,25.7,26.8,0,9.9,11.5,0,0.8,0
E14001295,Houghton and Sunderland South,Labour,Labour,43.7,9.6,6.1,0,4.4,34,0,2.3,0
E14001296,Hove and Portslade,Labour,Labour,64.7,7.6,8.2,0,9.1,9.8,0,0.6,0
E14001297,Huddersfield,Labour,Labour,54.3,14.5,5.1,0,5.4,20.6,0,0,0
E14001298,Huntingdon,Conservative,Labour,30.6,28.3,16.3,0,10.5,11.7,0,2.5,0
E14001299,Hyndburn,Conservative,Labour,45.1,22.6,3.1,0,3.9,25.3,0,0,0
E14001300,Ilford North,Labour,Labour,58,19,4.6,0,4.8,11.7,0,2,0
E14001301,Ilford South,Labour,Labour,68.4,6.5,3.9,0,4.1,10.4,0,6.7,0
S14000093,Inverclyde and Renfrewshire West,Scottish_National_Party,Labour,46.5,5.3,5.2,33.5,2.2,7.2,0,0,0
S14000094,"Inverness, Skye and West Ross-shire",Scottish_National_Party,Scottish_National_Party,27.9,11.4,12.3,35.6,3.7,9.3,0,0,0
E14001302,Ipswich,Conservative,Labour,48.9,19.3,7.6,0,9.6,14.6,0,0,0
E14001303,Isle of Wight East,Conservative,Labour,34,26.6,2.6,0,20.9,11.4,0,4.5,0
E14001304,Isle of Wight West,Conservative,Labour,34.1,24.9,2.5,0,23.2,11.2,0,4.1,0
E14001305,Islington North,Labour,Labour,66.3,0.7,15.9,0,9.9,6.8,0,0.4,0
E14001306,Islington South and Finsbury,Labour,Labour,59.9,1.7,20.1,0,7.2,10.7,0,0.3,0
E14001307,Jarrow and Gateshead East,Labour,Labour,51.7,5.7,6.7,0,3.8,23.6,0,8.6,0
E14001308,Keighley and Ilkley,Conservative,Labour,47.6,21.3,5.1,0,1.9,22.6,0,1.5,0
E14001309,Kenilworth and Southam,Conservative,Conservative,27.4,29.3,17,0,8.7,16.7,0,0.8,0
E14001310,Kensington and Bayswater,Labour,Labour,44,15.1,20.7,0,6,14,0,0.3,0
E14001311,Kettering,Conservative,Labour,35.6,29.6,7,0,7.6,17,0,3.2,0
S14000110,Kilmarnock and Loudoun,Scottish_National_Party,Scottish_National_Party,35.9,12.4,4.2,37.9,2.1,6.7,0,0.8,0
E14001312,Kingston and Surbiton,Liberal_Democrat,Liberal_Democrat,14,15.9,53.1,0,4.9,10.8,0,1.4,0
E14001313,Kingston upon Hull East,Labour,Labour,44.9,10.6,5.2,0,4,35.3,0,0,0
E14001314,Kingston upon Hull North and Cottingham,Labour,Labour,49.5,11.6,6.7,0,4.2,28,0,0,0
E14001315,Kingston upon Hull West and Haltemprice,Conservative,Labour,37.1,18.1,9.4,0,2.8,32.5,0,0,0
E14001316,Kingswinford and South Staffordshire,Conservative,Conservative,26.6,39.8,5.6,0,8.8,19.2,0,0,0
E14001317,Knowsley,Labour,Labour,80.8,0,2.6,0,2.6,13.1,0,0.9,0
E14001318,Lancaster and Wyre,Conservative,Labour,45.3,21.9,4,0,6.3,22.4,0,0,0
E14001319,Leeds Central and Headingley,Labour,Labour,65,2.2,11.2,0,4.6,17,0,0,0
E14001320,Leeds East,Labour,Labour,50.3,15.8,3.9,0,3.9,25.5,0,0.6,0
E14001321,Leeds North East,Labour,Labour,59.8,6.6,11.3,0,5,16.9,0,0.3,0
E14001322,Leeds North West,Conservative,Labour,41.8,16,14.9,0,4.1,21.6,0,1.5,0
E14001323,Leeds South,Labour,Labour,60.7,8.6,4.6,0,5,20.4,0,0.7,0
E14001324,Leeds South West and Morley,Conservative,Labour,40.1,29.4,2.9,0,5,20.4,0,2.2,0
E14001325,Leeds West and Pudsey,Labour,Labour,51.8,17.2,3.8,0,3.2,22.5,0,1.5,0
E14001326,Leicester East,Labour,Labour,58.2,12.2,6.1,0,5.8,17.1,0,0.7,0
E14001327,Leicester South,Labour,Labour,72.8,4.4,4.5,0,6.1,12.3,0,0,0
E14001328,Leicester West,Labour,Labour,56.3,11.1,7.1,0,6.7,18.8,0,0,0
E14001329,Leigh and Atherton,Conservative,Labour,47,16.3,4.8,0,2.3,27.3,0,2.3,0
E14001330,Lewes,Conservative,Liberal_Democrat,17.1,17.3,43.5,0,10,12,0,0.2,0
E14001331,Lewisham East,Labour,Labour,65.9,5.4,10.6,0,6.3,10.7,0,1.1,0
E14001332,Lewisham North,Labour,Labour,71.8,0.7,11.5,0,7.5,8.1,0,0.4,0
E14001333,Lewisham West and East Dulwich,Labour,Labour,69,0.9,10.3,0,9.9,9.4,0,0.5,0
E14001334,Leyton and Wanstead,Labour,Labour,66.2,5.3,11.2,0,6.6,9.8,0,0.9,0
E14001335,Lichfield,Conservative,Conservative,30,32.7,10.8,0,8,17.4,0,1.1,0
E14001336,Lincoln,Conservative,Labour,49.1,17.3,5.1,0,7.1,19.5,0,1.8,0
E14001337,Liverpool Garston,Labour,Labour,71.8,0,10,0,3.5,14,0,0.7,0
E14001338,Liverpool Riverside,Labour,Labour,86.1,0,2.3,0,2.9,8.7,0,0,0
E14001339,Liverpool Walton,Labour,Labour,83.7,0,2.4,0,2.5,10,0,1.4,0
E14001340,Liverpool Wavertree,Labour,Labour,72.7,0,8,0,6.8,11.4,0,1,0
E14001341,Liverpool West Derby,Labour,Labour,79.1,0,2.8,0,2.6,11.7,0,3.9,0
S14000095,Livingston,Scottish_National_Party,Labour,39.4,9.9,5,34.1,4.7,6.8,0,0,0
W07000098,Llanelli,Labour,Labour,41.3,9.2,0.4,0,0.9,25.8,22.3,0,0
S14000096,Lothian East,Scottish_National_Party,Labour,53.6,11.3,5.1,17.1,2.8,9.1,0,1,0
E14001342,Loughborough,Conservative,Labour,46.9,20.3,7.8,0,7.3,17.2,0,0.5,0
E14001343,Louth and Horncastle,Conservative,Conservative,27.7,38.2,8.2,0,5.2,18.7,0,2,0
E14001344,Lowestoft,Conservative,Labour,38.4,28.7,8,0,12.4,11.9,0,0.5,0
E14001345,Luton North,Labour,Labour,61.3,10.3,6.8,0,7.3,11.9,0,2.4,0
E14001346,Luton South and South Bedfordshire,Labour,Labour,56.4,10,2.8,0,8.4,12.8,0,9.7,0
E14001347,Macclesfield,Conservative,Labour,35.8,29.7,10.6,0,5.9,17.9,0,0,0
E14001348,Maidenhead,Conservative,Conservative,24.8,27,25.9,0,10.7,11.6,0,0,0
E14001349,Maidstone and Malling,Conservative,Labour,28,27.8,21.1,0,10.8,11.6,0,0.7,0
E14001350,Makerfield,Labour,Labour,48.4,11.8,5,0,4.2,30.7,0,0,0
E14001351,Maldon,Conservative,Conservative,23.9,37,14.3,0,11.5,13.3,0,0,0
E14001352,Manchester Central,Labour,Labour,67.4,4.9,6.2,0,4,17.3,0,0.3,0
E14001353,Manchester Rusholme,Labour,Labour,79.6,0,4.1,0,4.9,11.4,0,0,0
E14001354,Manchester Withington,Labour,Labour,67.8,0,15.7,0,4.9,11.6,0,0,0
E14001355,Mansfield,Conservative,Labour,39.4,32.2,3.7,0,4.8,17.7,0,2.1,0
E14001356,Melksham and Devizes,Conservative,Liberal_Democrat,21.9,26.8,29.6,0,10,11.7,0,0,0
E14001357,Melton and Syston,Conservative,Labour,32.4,32,8,0,10.3,17.3,0,0,0
E14001358,Meriden and Solihull East,Conservative,Conservative,29.5,31.5,13.8,0,7.9,17.3,0,0,0
W07000099,Merthyr Tydfil and Aberdare,Labour,Labour,53.2,4.2,3.7,0,0.7,23.7,9,5.5,0
W07000100,Mid and South Pembrokeshire,Conservative,Labour,39.1,32.9,5,0,0.9,15.7,6.4,0,0
E14001359,Mid Bedfordshire,Conservative,Labour,30.4,29.3,14.8,0,11,11.9,0,2.6,0
E14001360,Mid Buckinghamshire,Conservative,Conservative,25.4,29.9,21.9,0,9.9,12.9,0,0,0
E14001361,Mid Cheshire,Conservative,Labour,45.2,20.9,8.6,0,3.8,21.5,0,0,0
E14001362,Mid Derbyshire,Conservative,Labour,35.6,29.2,9.8,0,8.5,16.9,0,0,0
E14001363,Mid Dorset and North Poole,Conservative,Liberal_Democrat,17.4,28.2,32.2,0,10.1,12,0,0,0
S14000097,Mid Dunbartonshire,Scottish_National_Party,Labour,31.5,4.6,30.1,19.9,4.2,8.7,0,1.1,0
E14001364,Mid Leicestershire,Conservative,Labour,34.4,31.3,8.3,0,8.8,17.2,0,0,0
E14001365,Mid Norfolk,Conservative,Labour,33.4,31.5,13.1,0,7.7,12.3,0,1.9,0
E14001366,Mid Sussex,Conservative,Liberal_Democrat,27.2,22.3,27.5,0,10.7,11,0,1.1,0
E14001367,Middlesbrough and Thornaby East,Labour,Labour,56.3,6.7,2.8,0,2.7,20.1,0,11.4,0
E14001368,Middlesbrough South and East Cleveland,Conservative,Labour,38.3,34.4,4.2,0,3.9,18.6,0,0.6,0
S14000045,Midlothian,Scottish_National_Party,Labour,50.2,7.5,5.7,26,2.5,8.1,0,0,0
E14001369,Milton Keynes Central,Conservative,Labour,47.6,17.2,12.9,0,9.4,11.5,0,1.4,0
E14001370,Milton Keynes North,Conservative,Labour,48.3,20.7,9.2,0,10.1,11.8,0,0,0
E14001371,Mitcham and Morden,Labour,Labour,60.9,11.2,11.4,0,5.2,10.9,0,0.4,0
W07000101,Monmouthshire,Conservative,Conservative,33.4,33.5,9.9,0,3.3,15.4,3.5,0.8,0
W07000102,Montgomeryshire and Glyndwr,Conservative,Conservative,26.5,36,17.1,0,0.8,15.2,2.9,1.4,0
S14000098,"Moray West, Nairn and Strathspey",Scottish_National_Party,Scottish_National_Party,27.4,25,4.8,28.7,3.9,9.5,0,0.7,0
E14001372,Morecambe and Lunesdale,Conservative,Labour,31.3,31.2,15.8,0,2.9,17.9,0,1,0
S14000099,"Motherwell, Wishaw and Carluke",Scottish_National_Party,Labour,45.8,8.3,3.2,31.8,2.2,7.2,0,1.4,0
S14000027,Na h-Eileanan an Iar,Scottish_National_Party,Labour,47.1,9,3.6,30.7,2.3,7.4,0,0,0
W07000103,Neath and Swansea East,Labour,Labour,48.8,9.7,4.5,0,2.5,23.5,9.5,1.5,0
E14001373,New Forest East,Conservative,Conservative,25.2,31.9,17.1,0,12.2,12.3,0,1.3,0
E14001374,New Forest West,Conservative,Conservative,23.6,31.4,17.7,0,15.1,12.2,0,0,0
E14001375,Newark,Conservative,Labour,32.8,31.8,9.9,0,7.9,17.7,0,0,0
E14001376,Newbury,Conservative,Liberal_Democrat,17.5,24.4,34.9,0,11,11.6,0,0.6,0
E14001377,Newcastle upon Tyne Central and West,Labour,Labour,61.6,8.9,3.1,0,4.3,22.1,0,0,0
E14001378,Newcastle upon Tyne East and Wallsend,Labour,Labour,61.5,6.7,8.4,0,5.1,18.4,0,0,0
E14001379,Newcastle upon Tyne North,Labour,Labour,47,10.1,14.1,0,5.6,23.1,0,0,0
E14001380,Newcastle-under-Lyme,Conservative,Labour,43.7,22.8,5.9,0,6.7,20.8,0,0,0
W07000104,Newport East,Labour,Labour,49.4,15.5,6.1,0,2.8,22.5,3.7,0,0
W07000105,Newport West and Islwyn,Labour,Labour,43.9,14.3,5.6,0,3,27.3,5.9,0,0
E14001381,Newton Abbot,Conservative,Labour,27.3,25.5,24.7,0,9.7,11.2,0,1.6,0
E14001382,Newton Aycliffe and Spennymoor,Conservative,Labour,41.8,20.9,5.6,0,3.3,27.5,0,0.9,0
E14001383,Normanton and Hemsworth,Labour,Labour,42.8,8.5,4.4,0,3.5,33.1,0,7.8,0
S14000048,North Ayrshire and Arran,Scottish_National_Party,Scottish_National_Party,32.5,17.8,3.6,34.3,4.5,7.3,0,0,0
E14001384,North Bedfordshire,Conservative,Conservative,29.1,29.7,15.5,0,10,12.1,0,3.6,0
E14001385,North Cornwall,Conservative,Liberal_Democrat,19.8,27.3,32.6,0,7.3,11.8,0,1.3,0
E14001386,North Cotswolds,Conservative,Conservative,26.5,28.5,20.2,0,12.8,12,0,0,0
E14001387,North Devon,Conservative,Liberal_Democrat,19.1,25.6,32.6,0,10.1,11.6,0,1,0
E14001388,North Dorset,Conservative,Conservative,22.4,31.2,22.9,0,11.3,12.2,0,0,0
E14001389,North Durham,Labour,Labour,46.9,11.4,6.5,0,4.3,28.6,0,2.2,0
E14001390,North East Cambridgeshire,Conservative,Conservative,27.4,37.7,10,0,11.5,13.4,0,0,0
E14001391,North East Derbyshire,Conservative,Labour,41.1,27.7,6.5,0,7.3,17.4,0,0,0
S14000100,North East Fife,Scottish_National_Party,Liberal_Democrat,27.2,4.1,35,22.2,2.6,8.9,0,0,0
E14001392,North East Hampshire,Conservative,Conservative,20.4,30.2,24.5,0,10.3,12.1,0,2.5,0
E14001393,North East Hertfordshire,Conservative,Labour,33.3,26.3,17.7,0,11.2,11.5,0,0,0
E14001394,North East Somerset and Hanham,Conservative,Labour,35.7,24.8,17.2,0,9.2,11.4,0,1.7,0
E14001395,North Herefordshire,Conservative,Conservative,24.2,31.6,13.8,0,13.5,17,0,0,0
E14001396,North Norfolk,Conservative,Liberal_Democrat,17.9,26.8,33,0,7.2,15.1,0,0,0
E14001397,North Northumberland,Conservative,Conservative,26.3,33.9,16.2,0,5,18.6,0,0,0
E14001398,North Shropshire,Conservative,Labour,31.3,30.7,10.8,0,8,17,0,2.2,0
E14001399,North Somerset,Conservative,Labour,34.5,23.9,18.6,0,11.7,11.2,0,0,0
E14001400,North Warwickshire and Bedworth,Conservative,Labour,35.9,33.6,4.9,0,7.7,17.9,0,0,0
E14001401,North West Cambridgeshire,Conservative,Labour,33.6,28.6,13.6,0,12.3,11.9,0,0,0
E14001402,North West Essex,Conservative,Conservative,23.9,30.1,21.9,0,12.1,12,0,0,0
E14001403,North West Hampshire,Conservative,Conservative,26.7,29,20.8,0,11.6,11.8,0,0,0
E14001404,North West Leicestershire,Conservative,Labour,34.1,31,7.1,0,9.4,17.3,0,1,0
E14001405,North West Norfolk,Conservative,Labour,33.2,32.6,10.7,0,11,12.4,0,0,0
E14001406,Northampton North,Conservative,Labour,50.6,18.8,6.1,0,7.2,17.3,0,0,0
E14001407,Northampton South,Conservative,Labour,39.4,27.4,8.3,0,8,16.9,0,0,0
E14001408,Norwich North,Conservative,Labour,48.7,20.4,8.9,0,9.3,11.7,0,1,0
E14001409,Norwich South,Labour,Labour,59.9,7.6,11.1,0,10,11.4,0,0,0
E14001410,Nottingham East,Labour,Labour,67.5,3.6,6.5,0,5.8,13.4,0,3.2,0
E14001411,Nottingham North and Kimberley,Labour,Labour,53.9,11.9,4.2,0,6.8,21.4,0,1.9,0
E14001412,Nottingham South,Labour,Labour,59.5,9.3,6.9,0,6.8,17.5,0,0,0
E14001413,Nuneaton,Conservative,Labour,40.3,29.5,4.5,0,8.5,17.3,0,0,0
E14001414,Old Bexley and Sidcup,Conservative,Conservative,27.2,49.2,8.7,0,6.3,8.2,0,0.4,0
E14001415,Oldham East and Saddleworth,Labour,Labour,47.1,14.2,5.5,0,3.6,26.9,0,2.8,0
E14001416,"Oldham West, Chadderton and Royton",Labour,Labour,57.9,11.1,3.5,0,2.9,22.5,0,2.1,0
S14000051,Orkney and Shetland,Liberal_Democrat,Liberal_Democrat,24.2,2.9,40.9,18.2,2.1,10.8,0,0.7,0
E14001417,Orpington,Conservative,Conservative,23.1,47.3,15,0,6.5,8.1,0,0,0
E14001418,Ossett and Denby Dale,Conservative,Labour,34.4,31.1,5.1,0,2.9,22.9,0,3.7,0
E14001419,Oxford East,Labour,Labour,61.8,3.6,15.4,0,8.9,9.2,0,1.1,0
E14001420,Oxford West and Abingdon,Liberal_Democrat,Liberal_Democrat,19.3,10.2,53.8,0,6,10.6,0,0,0
S14000101,Paisley and Renfrewshire North,Scottish_National_Party,Labour,41.3,7.5,6.1,35.7,2.1,7.2,0,0,0
S14000102,Paisley and Renfrewshire South,Scottish_National_Party,Labour,43.4,6,5.1,36.5,2.1,6.9,0,0,0
E14001421,Peckham,Labour,Labour,73,0.6,10.8,0,7.1,8.2,0,0.3,0
E14001422,Pendle and Clitheroe,Conservative,Labour,36.3,33.7,7.5,0,3.7,18.2,0,0.6,0
E14001423,Penistone and Stocksbridge,Conservative,Labour,36.6,24.3,10.3,0,1.7,27,0,0,0
E14001424,Penrith and Solway,Conservative,Labour,33.4,32,8.3,0,4.8,19.5,0,2,0
S14000103,Perth and Kinross-shire,Scottish_National_Party,Labour,28.4,24.9,6.5,27.5,2.8,9.9,0,0,0
E14001425,Peterborough,Conservative,Labour,51.2,15.2,7.9,0,8.5,16.1,0,1.1,0
E14001426,Plymouth Moor View,Conservative,Labour,42.3,27.7,7.9,0,9.8,12.2,0,0,0
E14001427,Plymouth Sutton and Devonport,Labour,Labour,56.6,11.2,7.1,0,9.3,15.9,0,0,0
E14001428,"Pontefract, Castleford and Knottingley",Labour,Labour,41.7,10.1,7,0,1.8,35.7,0,3.7,0
W07000106,Pontypridd,Labour,Labour,48.3,8.9,1.8,0,1,23,11.9,5.1,0
E14001429,Poole,Conservative,Labour,30.5,27.9,17.8,0,10.4,11.6,0,1.7,0
E14001430,Poplar and Limehouse,Labour,Labour,63.1,3.2,16,0,6.3,10.7,0,0.7,0
E14001431,Portsmouth North,Conservative,Labour,37,29.3,10.1,0,10.1,12.1,0,1.4,0
E14001432,Portsmouth South,Labour,Labour,56.6,10.9,13.5,0,6.3,12.2,0,0.5,0
E14001433,Preston,Labour,Labour,59.8,11.1,6.9,0,3.3,18.9,0,0,0
E14001434,Putney,Labour,Labour,48.5,16.3,17.4,0,6.3,11.5,0,0,0
E14001435,Queen's Park and Maida Vale,Labour,Labour,65.1,5.2,14.4,0,6,9.1,0,0.3,0
E14001436,Rawmarsh and Conisbrough,Labour,Labour,43.6,11.4,3.9,0,2.3,36.1,0,2.6,0
E14001437,Rayleigh and Wickford,Conservative,Conservative,26.9,37.5,10.3,0,11.8,13.4,0,0,0
E14001438,Reading Central,Labour,Labour,60.2,11.4,8.3,0,8.9,10.7,0,0.4,0
E14001439,Reading West and Mid Berkshire,Conservative,Labour,32.5,26.4,19.2,0,10.3,11.5,0,0,0
E14001440,Redcar,Conservative,Labour,40.1,22.9,5,0,3.3,25.7,0,3,0
E14001441,Redditch,Conservative,Labour,34.8,32.8,6.8,0,7.9,17.7,0,0,0
E14001442,Reigate,Conservative,Labour,26.4,26.1,22,0,12.6,11.4,0,1.6,0
W07000107,Rhondda and Ogmore,Labour,Labour,57.7,0,2.6,0,2.1,23.8,13.2,0.7,0
E14001443,Ribble Valley,Conservative,Conservative,30.7,37.5,8.1,0,4.4,17.5,0,1.7,0
E14001444,Richmond and Northallerton,Conservative,Conservative,19.6,41.1,12.6,0,5.4,17.3,0,3.9,0
E14001445,Richmond Park,Liberal_Democrat,Liberal_Democrat,9.5,22,54,0,3.6,10.4,0,0.5,0
E14001446,Rochdale,Labour,Labour,53.6,11.3,7.7,0,3.3,24.1,0,0,0
E14001447,Rochester and Strood,Conservative,Labour,37.9,27.2,9.7,0,9.7,11.8,0,3.7,0
E14001448,Romford,Conservative,Conservative,29.7,49.9,6.2,0,5.9,8.2,0,0,0
E14001449,Romsey and Southampton North,Conservative,Liberal_Democrat,21.9,26.8,30.4,0,7.9,11.8,0,1.2,0
E14001450,Rossendale and Darwen,Conservative,Labour,39.9,32.7,4.3,0,4.2,18.9,0,0,0
E14001451,Rother Valley,Conservative,Labour,35.9,22.5,5,0,4.2,30.1,0,2.3,0
E14001452,Rotherham,Labour,Labour,43.9,9.7,6.4,0,1.8,35.3,0,2.9,0
E14001453,Rugby,Conservative,Labour,39.6,27.2,8.6,0,7.8,16.8,0,0,0
E14001454,"Ruislip, Northwood and Pinner",Conservative,Conservative,28.6,39.9,15.5,0,5.6,8.7,0,1.7,0
E14001455,Runcorn and Helsby,Labour,Labour,51.9,14.2,6.9,0,4.5,22.4,0,0,0
E14001456,Runnymede and Weybridge,Conservative,Labour,27,24,24.7,0,9.4,11.2,0,3.6,0
E14001457,Rushcliffe,Conservative,Labour,43,18.5,16.1,0,4.4,16.2,0,1.7,0
S14000104,Rutherglen,Scottish_National_Party,Labour,50.3,5.1,5.8,27.6,2.3,7.5,0,1.3,0
E14001458,Rutland and Stamford,Conservative,Conservative,23.6,32.3,16.1,0,8.3,17.2,0,2.6,0
E14001459,Salford,Labour,Labour,59.5,6.3,6.3,0,5.5,22.5,0,0,0
E14001460,Salisbury,Conservative,Labour,28.3,25.6,21.7,0,11.8,11.2,0,1.4,0
E14001461,Scarborough and Whitby,Conservative,Labour,38.2,31.9,6.3,0,1.7,18.3,0,3.6,0
E14001462,Scunthorpe,Conservative,Labour,38.2,32.7,2.9,0,3.5,22.7,0,0,0
E14001463,Sefton Central,Labour,Labour,55.5,13.7,6.7,0,3.6,19.9,0,0.7,0
E14001464,Selby,Conservative,Conservative,33,35.4,6.1,0,4.7,17.6,0,3.2,0
E14001465,Sevenoaks,Conservative,Conservative,23.6,30.1,21.7,0,10.7,12,0,1.9,0
E14001466,Sheffield Brightside and Hillsborough,Labour,Labour,59,7.7,4.1,0,4.3,23.6,0,1.5,0
E14001467,Sheffield Central,Labour,Labour,68.3,0,5.5,0,11.8,13.2,0,1.3,0
E14001468,Sheffield Hallam,Labour,Labour,38.2,1.4,33.2,0,4.7,22.1,0,0.5,0
E14001469,Sheffield Heeley,Labour,Labour,56.4,8.8,6.9,0,5.6,22.3,0,0,0
E14001470,Sheffield South East,Labour,Labour,49.9,12.9,4.8,0,1.8,28.5,0,2.1,0
E14001471,Sherwood Forest,Conservative,Labour,38.3,29.8,6,0,7.3,17.2,0,1.3,0
E14001472,Shipley,Conservative,Labour,42.7,26.2,6,0,4.2,19.2,0,1.6,0
E14001473,Shrewsbury,Conservative,Labour,43.8,20,11.1,0,7.7,16.3,0,1.1,0
E14001474,Sittingbourne and Sheppey,Conservative,Conservative,31.4,33,9.2,0,9.8,12.5,0,4,0
E14001475,Skipton and Ripon,Conservative,Conservative,22.3,37,15.3,0,6.3,17,0,2,0
E14001476,Sleaford and North Hykeham,Conservative,Conservative,27.7,34.4,8.5,0,7.3,17.8,0,4.3,0
E14001477,Slough,Labour,Labour,65.3,8.4,8.7,0,6.8,10.7,0,0,0
E14001478,Smethwick,Labour,Labour,62.9,8.8,4.8,0,5.6,17.9,0,0,0
E14001479,Solihull West and Shirley,Conservative,Conservative,27.9,30.7,15.8,0,8.6,16.9,0,0,0
E14001480,South Basildon and East Thurrock,Conservative,Labour,33.9,32.3,6.9,0,7.7,12.5,0,6.7,0
E14001481,South Cambridgeshire,Conservative,Liberal_Democrat,24.9,12.8,43.1,0,7.3,11.9,0,0,0
E14001482,South Cotswolds,Conservative,Liberal_Democrat,20.6,26.9,29.8,0,10.9,11.7,0,0,0
E14001483,South Derbyshire,Conservative,Labour,36,31,7.6,0,8.1,17.3,0,0,0
E14001484,South Devon,Conservative,Liberal_Democrat,26.7,23.5,30.6,0,6.9,11.2,0,1,1
E14001485,South Dorset,Conservative,Labour,34.8,27.8,13.2,0,11.5,11.7,0,0.9,0
E14001486,South East Cornwall,Conservative,Labour,30.3,27.9,18.9,0,9.7,11.6,0,1.7,0
E14001487,South Holland and the Deepings,Conservative,Conservative,23.3,40.6,7,0,8.6,19.5,0,1,0
E14001488,South Leicestershire,Conservative,Conservative,29,34.5,9.8,0,8.9,17.8,0,0,0
E14001489,South Norfolk,Conservative,Labour,33,26.3,19.2,0,10,11.5,0,0,0
E14001490,South Northamptonshire,Conservative,Conservative,29.6,32.2,11.3,0,8.5,17.2,0,1.1,0
E14001491,South Ribble,Conservative,Labour,39.5,29.9,7.9,0,4.2,18.5,0,0,0
E14001492,South Shields,Labour,Labour,46.8,6.3,3.7,0,4.6,29.9,0,8.7,0
E14001493,South Shropshire,Conservative,Conservative,25.1,33.5,15.7,0,8.3,17.5,0,0,0
E14001494,South Suffolk,Conservative,Conservative,29.4,30.1,15.2,0,13.3,12,0,0,0
E14001495,South West Devon,Conservative,Labour,31.7,30.4,14.6,0,11.2,12.1,0,0,0
E14001496,South West Hertfordshire,Conservative,Labour,25.2,23.5,14.7,0,8.1,10.9,0,17.5,0
E14001497,South West Norfolk,Conservative,Conservative,29.2,34.4,11.3,0,10.7,12.7,0,1.7,0
E14001498,South West Wiltshire,Conservative,Labour,31.3,27.5,19,0,10.7,11.6,0,0,0
E14001499,Southampton Itchen,Conservative,Labour,50.7,19.1,8,0,9.4,11.9,0,1,0
E14001500,Southampton Test,Labour,Labour,57.1,10.3,9.8,0,9.1,13.2,0,0.5,0
E14001501,Southend East and Rochford,Conservative,Labour,41.3,27.3,9.1,0,7.3,11.9,0,3.1,0
E14001502,Southend West and Leigh,Conservative,Labour,39,27.7,13,0,7.1,11.9,0,1.4,0
E14001503,Southgate and Wood Green,Labour,Labour,61.3,12.8,10.5,0,5.4,9.9,0,0,0
E14001504,Southport,Conservative,Labour,40.2,26.3,12.6,0,2.1,18.8,0,0,0
E14001505,Spelthorne,Conservative,Labour,31.5,28,17.5,0,11.3,11.7,0,0,0
E14001506,Spen Valley,Conservative,Labour,36.8,22.6,6,0,3.5,22,0,9.1,0
E14001507,St Albans,Liberal_Democrat,Liberal_Democrat,17.4,12.2,51.8,0,7.9,10.4,0,0.3,0
E14001508,St Austell and Newquay,Conservative,Labour,36.3,25.1,13.4,0,9.9,11.3,0,3.9,0
E14001509,St Helens North,Labour,Labour,54.9,8.2,5.8,0,5.5,25.7,0,0,0
E14001510,St Helens South and Whiston,Labour,Labour,60.4,4.7,5.8,0,5.5,23.6,0,0,0
E14001511,St Ives,Conservative,Liberal_Democrat,19,18.1,41.8,0,8.8,11.5,0,0.8,0
E14001512,St Neots and Mid Cambridgeshire,Conservative,Liberal_Democrat,28,22.2,28.9,0,8.3,11.1,0,1.4,0
E14001513,Stafford,Conservative,Labour,39.8,27.6,6.6,0,9.1,16.8,0,0,0
E14001514,Staffordshire Moorlands,Conservative,Labour,35.8,32.3,6.5,0,7.9,17.5,0,0,0
E14001515,Stalybridge and Hyde,Labour,Labour,48.3,13.7,4.5,0,5.1,27.5,0,1,0
E14001516,Stevenage,Conservative,Labour,44.8,22.4,11.2,0,10,11.6,0,0,0
S14000105,Stirling and Strathallan,Scottish_National_Party,Scottish_National_Party,27.1,21.5,4.7,35,4,7.7,0,0,0
E14001517,Stockport,Labour,Labour,56.8,9.7,8.8,0,4.9,19.9,0,0,0
E14001518,Stockton North,Labour,Labour,50,14,4.2,0,1.7,27.4,0,2.8,0
E14001519,Stockton West,Conservative,Labour,37.1,33.4,4.6,0,2.2,22.7,0,0,0
E14001520,Stoke-on-Trent Central,Conservative,Labour,51.5,16,4.2,0,6.7,21.6,0,0,0
E14001521,Stoke-on-Trent North,Conservative,Labour,43.3,23.9,3.7,0,6,22.3,0,0.8,0
E14001522,Stoke-on-Trent South,Conservative,Labour,38.6,30.9,6.6,0,6.4,17.5,0,0,0
E14001523,"Stone, Great Wyrley and Penkridge",Conservative,Conservative,31,35.7,6.8,0,8.4,18.1,0,0,0
E14001524,Stourbridge,Conservative,Labour,37.9,30.5,6.1,0,6.7,17.4,0,1.3,0
E14001525,Stratford and Bow,Labour,Labour,73.2,0.9,9.5,0,6.4,10.1,0,0,0
E14001526,Stratford-on-Avon,Conservative,Conservative,20,29.8,24.9,0,8.4,16.8,0,0,0
E14001527,Streatham and Croydon North,Labour,Labour,61.1,4.1,18,0,7.3,9.5,0,0,0
E14001528,Stretford and Urmston,Labour,Labour,62.7,9.8,6,0,4,17.5,0,0,0
E14001529,Stroud,Conservative,Labour,51.6,14.6,4.6,0,15.1,13.2,0,0.9,0
E14001530,Suffolk Coastal,Conservative,Labour,31.1,26.1,17.5,0,11.3,11.3,0,2.6,0
E14001531,Sunderland Central,Labour,Labour,45.5,11.4,7.1,0,4.5,30.3,0,1.1,0
E14001532,Surrey Heath,Conservative,Liberal_Democrat,19.2,27,30.2,0,10.6,11.8,0,1.2,0
E14001533,Sussex Weald,Conservative,Conservative,25.2,31.4,19.2,0,12,12.2,0,0,0
E14001534,Sutton and Cheam,Conservative,Liberal_Democrat,18.3,32.1,34,0,5.7,9.9,0,0,0
E14001535,Sutton Coldfield,Conservative,Labour,32.1,30.1,12.3,0,8.5,16.9,0,0,0
W07000108,Swansea West,Labour,Labour,52.9,10.8,6.8,0,1.6,21,6.9,0,0
E14001536,Swindon North,Conservative,Labour,40.5,27,10.5,0,10.2,11.9,0,0,0
E14001537,Swindon South,Conservative,Labour,50.1,20.2,10.4,0,7.6,11.8,0,0,0
E14001538,Tamworth,Conservative,Conservative,32.4,34.4,5.7,0,7,18,0,2.6,0
E14001539,Tatton,Conservative,Conservative,25.5,35.6,16.3,0,5.2,17.3,0,0,0
E14001540,Taunton and Wellington,Conservative,Liberal_Democrat,17.6,21.3,38.8,0,6.9,11.5,0,3.8,0
E14001541,Telford,Conservative,Labour,43.1,28.2,6.7,0,4.8,17.3,0,0,0
E14001542,Tewkesbury,Conservative,Conservative,25.5,27.5,24.3,0,11.2,11.6,0,0,0
E14001543,The Wrekin,Conservative,Labour,33.3,32.9,8.3,0,7.8,17.7,0,0,0
E14001544,Thirsk and Malton,Conservative,Conservative,21,40.3,12.6,0,6.1,17.3,0,2.8,0
E14001545,Thornbury and Yate,Conservative,Liberal_Democrat,18.7,26.9,34.9,0,7.5,12,0,0,0
E14001546,Thurrock,Conservative,Labour,42.9,27.8,6,0,8.9,12.1,0,2.4,0
E14001547,Tipton and Wednesbury,Conservative,Labour,46.9,20.3,3.6,0,6.5,22.7,0,0,0
E14001548,Tiverton and Minehead,Conservative,Conservative,24.5,29.5,22.1,0,11.4,11.9,0,0.6,0
E14001549,Tonbridge,Conservative,Conservative,25.5,32.1,14.7,0,15.3,12.4,0,0,0
E14001550,Tooting,Labour,Labour,55.9,12.3,14.6,0,7.1,10,0,0.1,0
E14001551,Torbay,Conservative,Conservative,23,27.7,27,0,9.5,11.6,0,1.3,0
W07000109,Torfaen,Labour,Labour,44.7,12,5.4,0,3.2,30,4.7,0,0
E14001552,Torridge and Tavistock,Conservative,Conservative,28,28.5,20.6,0,10.4,11.6,0,1,0
E14001553,Tottenham,Labour,Labour,80,0.5,5.5,0,6.3,7.1,0,0.5,0
E14001554,Truro and Falmouth,Conservative,Labour,48.2,16.4,13.1,0,9.9,11.6,0,0.8,0
E14001555,Tunbridge Wells,Conservative,Liberal_Democrat,24.5,24.9,30.5,0,6.9,11.5,0,1.8,0
E14001556,Twickenham,Liberal_Democrat,Liberal_Democrat,12.5,17.3,56.6,0,3.2,10.5,0,0,0
E14001557,Tynemouth,Labour,Labour,50.2,15.5,6.8,0,4.2,23.2,0,0,0
E14001558,Uxbridge and South Ruislip,Conservative,Labour,40.9,34.5,7.2,0,6.1,10.1,0,1.1,0
W07000110,Vale of Glamorgan,Conservative,Labour,46.1,25.9,0.4,0,7,18.2,1.3,1,0
E14001559,Vauxhall and Camberwell Green,Labour,Labour,63.2,0.9,19.5,0,6.8,9.3,0,0.3,0
E14001560,Wakefield and Rothwell,Conservative,Labour,43.1,19.1,11.1,0,2.9,23.4,0,0.5,0
E14001561,Wallasey,Labour,Labour,66.1,8.7,4,0,3.6,17.6,0,0,0
E14001562,Walsall and Bloxwich,Conservative,Labour,53.2,17.5,3.4,0,6.4,18.9,0,0.6,0
E14001563,Walthamstow,Labour,Labour,78.6,0.7,6.4,0,5.8,8,0,0.5,0
E14001564,Warrington North,Labour,Labour,47.8,14.9,6.7,0,4.6,26,0,0,0
E14001565,Warrington South,Labour,Labour,48.3,16.6,8.3,0,2,24.5,0,0.3,0
E14001566,Warwick and Leamington,Labour,Labour,51.3,11.6,11.1,0,7.5,18.2,0,0.4,0
E14001567,Washington and Gateshead South,Labour,Labour,46.3,10.8,5.1,0,4.3,31.7,0,1.8,0
E14001568,Watford,Conservative,Labour,48.7,11.9,20.2,0,7.1,11.4,0,0.7,0
E14001569,Waveney Valley,Conservative,Conservative,28.9,30.1,11.7,0,16.5,12,0,0.7,0
E14001570,Weald of Kent,Conservative,Conservative,25.3,36.8,12.7,0,11.9,13.2,0,0,0
E14001571,Wellingborough and Rushden,Conservative,Labour,37.1,30.9,7.1,0,7.5,17.4,0,0,0
E14001572,Wells and Mendip Hills,Conservative,Liberal_Democrat,20.7,25.3,33.1,0,8.2,11.6,0,1.1,0
E14001573,Welwyn Hatfield,Conservative,Labour,41,22.4,15,0,10.1,11.5,0,0,0
S14000111,West Aberdeenshire and Kincardine,Conservative,Labour,29.6,25.6,9.5,22.4,3,9.8,0,0,0
E14001574,West Bromwich,Conservative,Labour,50.7,16.4,4,0,6.6,20.9,0,1.3,0
E14001575,West Dorset,Conservative,Liberal_Democrat,19.3,23.6,35.2,0,10.5,11.5,0,0,0
S14000106,West Dunbartonshire,Scottish_National_Party,Labour,44.7,4.2,3.4,36,3.8,6.3,0,1.5,0
E14001576,West Ham and Beckton,Labour,Labour,73.7,2.1,6.7,0,5.3,10.7,0,1.5,0
E14001577,West Lancashire,Labour,Labour,55.1,14.7,5,0,3.9,21.3,0,0,0
E14001578,West Suffolk,Conservative,Labour,32.4,31.7,11.8,0,11.9,12.3,0,0,0
E14001579,West Worcestershire,Conservative,Conservative,25.2,30.4,18.3,0,9.3,16.7,0,0,0
E14001580,Westmorland and Lonsdale,Conservative,Liberal_Democrat,10.6,24.9,40.8,0,2.3,20.8,0,0.6,0
E14001581,Weston-super-Mare,Conservative,Labour,37.9,26.2,14.3,0,10,11.6,0,0,0
E14001582,Wetherby and Easingwold,Conservative,Conservative,21.5,45.6,8,0,5.6,17.6,0,1.7,0
E14001583,Whitehaven and Workington,Conservative,Labour,47.9,21.6,4.2,0,3.2,22.4,0,0.8,0
E14001584,Widnes and Halewood,Labour,Labour,68.7,4.7,2.9,0,3.5,20.2,0,0,0
E14001585,Wigan,Labour,Labour,49.7,10.7,5.6,0,4.4,29.7,0,0,0
E14001586,Wimbledon,Conservative,Liberal_Democrat,25.8,17,38.8,0,4.7,13,0,0.6,0
E14001587,Winchester,Conservative,Liberal_Democrat,14.8,22.4,41.9,0,8.4,12.1,0,0.5,0
E14001588,Windsor,Conservative,Labour,29.1,26.1,21,0,10.4,11.7,0,1.8,0
E14001589,Wirral West,Labour,Labour,49,16.9,5.8,0,4.5,23.7,0,0,0
E14001590,Witham,Conservative,Conservative,28,33.4,12.6,0,13.4,12.6,0,0,0
E14001591,Witney,Conservative,Liberal_Democrat,25.2,27.2,28.3,0,7,11.7,0,0.6,0
E14001592,Woking,Conservative,Liberal_Democrat,25.9,19.3,33.2,0,9.4,11.1,0,1.2,0
E14001593,Wokingham,Conservative,Liberal_Democrat,19.7,24.9,34.3,0,9.3,11.8,0,0.1,0
E14001594,Wolverhampton North East,Conservative,Labour,44.5,25,4,0,6.5,20,0,0,0
E14001595,Wolverhampton South East,Labour,Labour,55.4,12.6,4.3,0,6,21.8,0,0,0
E14001596,Wolverhampton West,Conservative,Labour,54.5,15.5,4.8,0,5.1,20.2,0,0,0
E14001597,Worcester,Conservative,Labour,45.8,20.8,7.5,0,7.9,16.8,0,1.1,0
E14001598,Worsley and Eccles,Labour,Labour,49.8,14.6,5.4,0,4.3,25.9,0,0,0
E14001599,Worthing West,Conservative,Labour,39.3,25.4,12.3,0,10.6,11.6,0,0.9,0
W07000111,Wrexham,Conservative,Labour,40.2,24.5,4.7,0,1.9,21.2,7.4,0,0
E14001600,Wycombe,Conservative,Labour,49.4,12.7,13.8,0,9.5,11.5,0,3.1,0
E14001601,Wyre Forest,Conservative,Conservative,32,33.2,8.4,0,8.8,17.6,0,0,0
E14001602,Wythenshawe and Sale East,Labour,Labour,55.9,10.8,7.1,0,4.9,21.2,0,0.1,0
E14001603,Yeovil,Conservative,Liberal_Democrat,16.3,26.7,33.7,0,9.9,11.8,0,1.6,0
W07000112,Ynys Mn,Conservative,Labour,32.3,12.6,0.5,0,1,24,29.7,0,0
E14001604,York Central,Labour,Labour,58.6,9.6,7.9,0,5.5,17,0,1.4,0
E14001605,York Outer,Conservative,Labour,33,27,18.8,0,1.6,18.3,0,1.3,0
